soil_treatment,training_crop,feedback_crop,replication,shoot_mass_g,root_mass_g,total_mass_g
Control,Canola,Canola,1,2.9299999999999997,1.448062953995157,4.3780629539951565
Control,Canola,Canola,2,2.08,1.09377358490566,3.17377358490566
Control,Canola,Canola,3,2.0699999999999994,1.180553846153846,3.2505538461538457
Control,Canola,Canola,4,3.209999999999999,0.9360730593607299,4.146073059360729
Control,Canola,Canola,5,1.959999999999999,0.9712925170068026,2.931292517006802
Control,Canola,Canola,6,2.6099999999999994,1.0361363636363634,3.646136363636363
Control,Canola,Canola,7,3.3099999999999996,1.083162544169611,4.393162544169611
Control,Canola,Canola,8,2.9000000000000004,1.340240641711229,4.240240641711229
Control,Canola,Soybean,1,2.54,0.8926470588235289,3.432647058823529
Control,Canola,Soybean,2,2.4000000000000004,0.9627096774193545,3.362709677419355
Control,Canola,Soybean,3,1.8699999999999992,1.1532874828060518,3.023287482806051
Control,Canola,Soybean,4,2.45,1.0391652173913037,3.489165217391304
Control,Canola,Soybean,5,2.16,1.1058910891089107,3.265891089108911
Control,Canola,Soybean,6,1.8399999999999999,0.6207329842931931,2.460732984293193
Control,Canola,Soybean,7,2.3500000000000005,1.3469341563786008,3.6969341563786013
Control,Canola,Soybean,8,1.8599999999999994,0.6751551724137924,2.5351551724137917
Control,Canola,Maize,1,2.84,2.465090252707581,5.305090252707581
Control,Canola,Maize,2,3.08,2.0067377398720687,5.086737739872069
Control,Canola,Maize,3,2.21,2.845538461538461,5.055538461538461
Control,Canola,Maize,4,2.84,2.2234103685196738,5.063410368519674
Control,Canola,Maize,5,2.2399999999999993,2.596829268292683,4.836829268292682
Control,Canola,Maize,6,2.8499999999999996,2.113253012048192,4.963253012048192
Control,Canola,Maize,7,2.7300000000000004,2.022360248447205,4.752360248447205
Control,Canola,Maize,8,2.38,1.949201741654571,4.329201741654571
Control,Canola,Wheat,1,2.469999999999999,0.5784949832775912,3.04849498327759
Control,Canola,Wheat,2,2.589999999999999,1.0417990654205604,3.6317990654205596
Control,Canola,Wheat,3,1.6799999999999997,0.3170103092783505,1.9970103092783502
Control,Canola,Wheat,4,1.8200000000000003,0.4543689320388342,2.2743689320388345
Control,Canola,Wheat,5,2.45,0.6431460674157303,3.0931460674157307
Control,Canola,Wheat,6,2.16,0.6014592274678103,2.7614592274678103
Control,Canola,Wheat,7,2.5999999999999996,0.2914077669902907,2.8914077669902905
Control,Canola,Wheat,8,2.3600000000000003,0.32941176470588235,2.689411764705883
Control,Canola,Alfalfa,1,0.71,0.3383333333333326,1.0483333333333325
Control,Canola,Alfalfa,2,0.33000000000000007,0.08519999999999944,0.4151999999999995
Control,Canola,Alfalfa,3,0.4899999999999993,0.2530693069306927,0.743069306930692
Control,Canola,Alfalfa,4,0.8599999999999994,0.2616101694915254,1.1216101694915248
Control,Canola,Alfalfa,5,0.3799999999999999,0.13492063492063444,0.5149206349206343
Control,Canola,Alfalfa,6,0.7199999999999998,0.3449999999999995,1.0649999999999993
Control,Canola,Alfalfa,7,0.7599999999999998,0.21503311258278138,0.9750331125827811
Control,Canola,Alfalfa,8,1.0199999999999996,0.5353846153846149,1.5553846153846145
Control,Soybean,Canola,1,2.709999999999999,1.589007981755985,4.2990079817559845
Control,Soybean,Canola,2,3.8,1.1120707964601766,4.912070796460176
Control,Soybean,Canola,3,3.1799999999999997,1.4006451612903223,4.580645161290322
Control,Soybean,Canola,4,4.140000000000001,1.2614390602055803,5.401439060205581
Control,Soybean,Canola,5,2.879999999999999,0.900502793296089,3.7805027932960877
Control,Soybean,Canola,6,3.3499999999999996,1.0284410646387832,4.378441064638783
Control,Soybean,Canola,7,2.919999999999999,1.343686006825939,4.263686006825938
Control,Soybean,Canola,8,3.24,1.1438507462686562,4.3838507462686565
Control,Soybean,Soybean,1,2.99,1.4748514851485142,4.464851485148515
Control,Soybean,Soybean,2,2.829999999999999,1.4645575221238931,4.294557522123892
Control,Soybean,Soybean,3,2.5299999999999994,1.274408352668213,3.8044083526682124
Control,Soybean,Soybean,4,2.4000000000000004,1.2153284671532847,3.615328467153285
Control,Soybean,Soybean,5,2.3199999999999994,0.7645070422535211,3.0845070422535206
Control,Soybean,Soybean,6,1.7400000000000002,0.954999999999999,2.6949999999999994
Control,Soybean,Soybean,7,1.5899999999999999,0.8020333839150222,2.392033383915022
Control,Soybean,Soybean,8,2.1100000000000003,0.9765403624382202,3.0865403624382206
Control,Soybean,Maize,1,3.7300000000000004,2.313944223107569,6.0439442231075695
Control,Soybean,Maize,2,2.6000000000000005,2.482649472450175,5.082649472450175
Control,Soybean,Maize,3,3.3100000000000005,1.7117567567567566,5.021756756756757
Control,Soybean,Maize,4,2.91,2.0986968449931407,5.008696844993141
Control,Soybean,Maize,5,2.34,1.7903481012658227,4.130348101265822
Control,Soybean,Maize,6,2.68,1.9978653976886473,4.677865397688647
Control,Soybean,Maize,7,2.76,1.7915475189234655,4.551547518923465
Control,Soybean,Maize,8,2.48,2.200041987403778,4.6800419874037775
Control,Soybean,Wheat,1,2.1899999999999995,0.46583333333333293,2.6558333333333324
Control,Soybean,Wheat,2,2.62,0.9329629629629624,3.5529629629629627
Control,Soybean,Wheat,3,3.1099999999999994,0.7013986013986012,3.8113986013986008
Control,Soybean,Wheat,4,2.09,0.9657754010695181,3.0557754010695177
Control,Soybean,Wheat,6,2.3500000000000005,0.519516728624535,2.8695167286245358
Control,Soybean,Wheat,7,2.34,0.7124999999999996,3.0524999999999993
Control,Soybean,Wheat,8,2.1999999999999993,0.8402752293577981,3.0402752293577975
Control,Soybean,Alfalfa,1,0.7199999999999998,0.5970695970695971,1.317069597069597
Control,Soybean,Alfalfa,2,0.8199999999999994,1.0377433628318578,1.8577433628318571
Control,Soybean,Alfalfa,3,0.7899999999999991,0.21492857142857136,1.0049285714285705
Control,Soybean,Alfalfa,4,1.0499999999999998,0.6456020942408376,1.6956020942408374
Control,Soybean,Alfalfa,5,0.8699999999999992,0.6143617021276594,1.4843617021276585
Control,Soybean,Alfalfa,6,1.3299999999999992,1.491986644407345,2.8219866444073443
Control,Soybean,Alfalfa,7,0.9100000000000001,0.9946280991735539,1.904628099173554
Control,Soybean,Alfalfa,8,1.0199999999999996,0.9045180722891559,1.9245180722891555
Control,Maize,Canola,1,2.6099999999999994,1.0297569444444439,3.6397569444444433
Control,Maize,Canola,2,2.789999999999999,0.8483301343570053,3.6383301343570045
Control,Maize,Canola,3,2.969999999999999,0.8347297297297297,3.8047297297297287
Control,Maize,Canola,4,3.7,1.1284337349397584,4.828433734939758
Control,Maize,Canola,5,3.1800000000000006,1.0054918032786886,4.185491803278689
Control,Maize,Canola,6,2.879999999999999,1.3825141015310234,4.262514101531022
Control,Maize,Canola,7,3.9399999999999995,1.3947696139476962,5.334769613947696
Control,Maize,Canola,8,3.8600000000000003,0.7563600000000001,4.61636
Control,Maize,Soybean,1,2.539999999999999,0.9017021276595738,3.441702127659573
Control,Maize,Soybean,2,3.139999999999999,1.0693596059113295,4.209359605911328
Control,Maize,Soybean,3,3.1800000000000006,0.9273333333333326,4.107333333333333
Control,Maize,Soybean,4,2.7699999999999996,1.2144649446494464,3.984464944649446
Control,Maize,Soybean,5,3.0599999999999987,1.7051781472684087,4.765178147268408
Control,Maize,Soybean,6,3.5599999999999996,1.0772809667673715,4.637280966767371
Control,Maize,Soybean,7,3.2699999999999996,1.375188916876574,4.645188916876574
Control,Maize,Soybean,8,3.379999999999999,1.4156682027649772,4.795668202764976
Control,Maize,Maize,1,3.37,2.260632678132678,5.630632678132678
Control,Maize,Maize,2,2.1799999999999997,1.3389776357827472,3.518977635782747
Control,Maize,Maize,3,3.1099999999999994,1.9701298701298706,5.08012987012987
Control,Maize,Maize,4,2.8199999999999994,2.280980781974818,5.100980781974817
Control,Maize,Maize,5,2.79,2.0711315417256015,4.861131541725602
Control,Maize,Maize,6,3.3200000000000003,1.5080497925311198,4.82804979253112
Control,Maize,Maize,7,2.2699999999999996,1.5499328859060397,3.8199328859060393
Control,Maize,Maize,8,2.339999999999999,1.9402247191011224,4.280224719101121
Control,Maize,Wheat,1,2.38,0.8403409090909091,3.220340909090909
Control,Maize,Wheat,2,2.01,0.4199999999999998,2.4299999999999997
Control,Maize,Wheat,3,2.0999999999999996,0.7609523809523806,2.86095238095238
Control,Maize,Wheat,4,2.3199999999999994,0.5041379310344825,2.824137931034482
Control,Maize,Wheat,5,2.3200000000000003,0.7388059701492539,3.0588059701492543
Control,Maize,Wheat,6,2.049999999999999,0.5015999999999994,2.5515999999999983
Control,Maize,Wheat,7,2.0599999999999996,0.61316923076923,2.6731692307692296
Control,Maize,Wheat,8,2.26,0.49915384615384606,2.759153846153846
Control,Maize,Alfalfa,1,1.2999999999999998,1.4486956521739125,2.7486956521739123
Control,Maize,Alfalfa,2,0.5299999999999994,0.1816216216216212,0.7116216216216206
Control,Maize,Alfalfa,3,1.1399999999999997,0.9231556503198287,2.0631556503198283
Control,Maize,Alfalfa,4,0.7999999999999998,1.086811989100817,1.8868119891008168
Control,Maize,Alfalfa,5,0.9499999999999993,0.9516666666666662,1.9016666666666655
Control,Maize,Alfalfa,6,1.1799999999999997,1.1313647642679896,2.3113647642679895
Control,Maize,Alfalfa,7,0.6399999999999997,0.14691358024691306,0.7869135802469127
Control,Maize,Alfalfa,8,1.0499999999999998,0.8392857142857143,1.8892857142857142
Control,Wheat,Canola,1,2.6899999999999995,0.8666666666666659,3.5566666666666653
Control,Wheat,Canola,2,3.1999999999999993,0.9839355992844362,4.183935599284435
Control,Wheat,Canola,3,3.71,0.9612304687499996,4.671230468749999
Control,Wheat,Canola,4,2.4800000000000004,1.1790374331550804,3.659037433155081
Control,Wheat,Canola,5,3.66,1.0318359374999995,4.6918359375
Control,Wheat,Canola,6,2.6000000000000005,1.048258064516129,3.6482580645161296
Control,Wheat,Canola,7,2.92,0.938574338085539,3.858574338085539
Control,Wheat,Canola,8,3.26,0.9833450704225353,4.243345070422535
Control,Wheat,Soybean,1,3.419999999999999,1.3229769959404598,4.742976995940459
Control,Wheat,Soybean,2,3.2799999999999994,1.2091370558375627,4.489137055837562
Control,Wheat,Soybean,3,2.879999999999999,1.0557575757575757,3.9357575757575747
Control,Wheat,Soybean,4,2.7800000000000002,1.1490552325581391,3.9290552325581394
Control,Wheat,Soybean,5,2.1899999999999995,0.9952838427947592,3.1852838427947585
Control,Wheat,Soybean,6,2.6500000000000004,0.8786503067484652,3.5286503067484656
Control,Wheat,Soybean,7,3.3600000000000003,0.9347058823529406,4.294705882352941
Control,Wheat,Soybean,8,3.09,1.067299999999999,4.157299999999999
Control,Wheat,Maize,1,2.46,1.5137290033594621,3.973729003359462
Control,Wheat,Maize,2,2.13,2.02831834532374,4.15831834532374
Control,Wheat,Maize,3,2.14,1.9248539325842697,4.06485393258427
Control,Wheat,Maize,4,3.27,2.1272848101265813,5.397284810126582
Control,Wheat,Maize,5,2.35,2.0541369863013696,4.40413698630137
Control,Wheat,Maize,6,2.06,1.8108273667462202,3.8708273667462203
Control,Wheat,Maize,7,2.13,1.8902343750000004,4.020234375
Control,Wheat,Maize,8,2.04,2.1003097040605647,4.140309704060565
Control,Wheat,Wheat,1,3.1899999999999995,0.714378378378378,3.9043783783783774
Control,Wheat,Wheat,2,2.7799999999999994,0.6545604395604389,3.434560439560438
Control,Wheat,Wheat,3,2.249999999999999,0.37259615384615336,2.6225961538461524
Control,Wheat,Wheat,5,2.8499999999999996,0.5694230769230766,3.419423076923076
Control,Wheat,Wheat,6,2.7699999999999996,0.9478585461689581,3.7178585461689577
Control,Wheat,Wheat,7,2.8199999999999994,0.9166025641025631,3.7366025641025624
Control,Wheat,Wheat,8,2.6799999999999997,0.5827586206896547,3.262758620689654
Control,Wheat,Alfalfa,1,1.0499999999999998,1.0140677966101692,2.064067796610169
Control,Wheat,Alfalfa,2,1,0.5095402298850569,1.5095402298850569
Control,Wheat,Alfalfa,3,0.96,0.7534105960264894,1.7134105960264894
Control,Wheat,Alfalfa,4,1.1899999999999995,0.5417763157894728,1.7317763157894723
Control,Wheat,Alfalfa,5,1.0299999999999994,0.6150453172205439,1.6450453172205433
Control,Wheat,Alfalfa,6,1,0.7199570815450637,1.7199570815450635
Control,Wheat,Alfalfa,7,1.0299999999999994,0.2949438202247191,1.3249438202247186
Control,Wheat,Alfalfa,8,0.7199999999999998,0.3053435114503817,1.0253435114503815
Control,Alfalfa,Canola,1,2.9800000000000004,1.1026966292134825,4.082696629213483
Control,Alfalfa,Canola,2,4.12,1.2952020202020196,5.4152020202020195
Control,Alfalfa,Canola,3,2.6400000000000006,1.3739140022050704,4.013914002205071
Control,Alfalfa,Canola,4,3,0.9400770712909438,3.940077071290944
Control,Alfalfa,Canola,5,3.6099999999999994,1.0219153225806452,4.631915322580644
Control,Alfalfa,Canola,6,3.7700000000000005,1.08476923076923,4.8547692307692305
Control,Alfalfa,Canola,7,3.34,1.4146236559139782,4.754623655913978
Control,Alfalfa,Canola,8,3.4299999999999997,1.1374999999999997,4.567499999999999
Control,Alfalfa,Soybean,1,1.7199999999999989,0.8287245841035121,2.548724584103511
Control,Alfalfa,Soybean,2,2.7,0.9622749999999991,3.6622749999999993
Control,Alfalfa,Soybean,3,1.9100000000000001,0.763409461663947,2.673409461663947
Control,Alfalfa,Soybean,4,2.549999999999999,1.096968152866242,3.6469681528662408
Control,Alfalfa,Soybean,5,1.5799999999999992,0.8567753001715258,2.436775300171525
Control,Alfalfa,Soybean,6,1.4299999999999997,0.4227272727272725,1.8527272727272721
Control,Alfalfa,Soybean,7,2.219999999999999,0.9069637883008355,3.1269637883008343
Control,Alfalfa,Soybean,8,2.0599999999999996,0.9049800796812744,2.9649800796812738
Control,Alfalfa,Maize,1,3.879999999999999,2.9100509495136633,6.790050949513662
Control,Alfalfa,Maize,2,3.049999999999999,3.3603351955307255,6.410335195530724
Control,Alfalfa,Maize,3,3.039999999999999,2.5554241645244202,5.595424164524419
Control,Alfalfa,Maize,4,3.5699999999999994,3.0950570342205315,6.665057034220531
Control,Alfalfa,Maize,5,3.25,2.4759932982288184,5.725993298228818
Control,Alfalfa,Maize,6,3.119999999999999,2.2122537764350443,5.332253776435044
Control,Alfalfa,Maize,7,2.7299999999999995,2.199107896323086,4.929107896323085
Control,Alfalfa,Maize,8,3.3200000000000003,2.0338850174216025,5.353885017421603
Control,Alfalfa,Wheat,1,3.459999999999999,0.7293854748603348,4.189385474860334
Control,Alfalfa,Wheat,2,2.9799999999999995,0.40249999999999986,3.3824999999999994
Control,Alfalfa,Wheat,3,3.0600000000000005,0.87503448275862,3.9350344827586206
Control,Alfalfa,Wheat,4,3.389999999999999,0.84320474777448,4.2332047477744785
Control,Alfalfa,Wheat,5,3.419999999999999,0.7540540540540531,4.174054054054052
Control,Alfalfa,Wheat,6,2.619999999999999,0.42677083333333315,3.0467708333333325
Control,Alfalfa,Wheat,7,3.3499999999999996,0.6164307692307684,3.966430769230768
Control,Alfalfa,Wheat,8,2.759999999999999,0.7400790513833982,3.500079051383397
Control,Alfalfa,Alfalfa,1,1.2999999999999998,0.7702052785923753,2.070205278592375
Control,Alfalfa,Alfalfa,2,0.5999999999999996,0.25199999999999995,0.8519999999999996
Control,Alfalfa,Alfalfa,3,0.4299999999999997,0.03307692307692237,0.4630769230769221
Control,Alfalfa,Alfalfa,4,0.45999999999999996,0.1486956521739121,0.6086956521739121
Control,Alfalfa,Alfalfa,5,1.0099999999999998,0.4735499999999999,1.4835499999999997
Control,Alfalfa,Alfalfa,6,1.0699999999999994,1.4621597096188743,2.532159709618874
Control,Alfalfa,Alfalfa,7,0.9299999999999997,0.3562100456621005,1.2862100456621002
Control,Alfalfa,Alfalfa,8,1.13,0.5830872483221471,1.713087248322147
Nutrient,Canola,Canola,1,3.84,0.35608695652173883,4.1960869565217385
Nutrient,Canola,Canola,2,4.81,0.613916349809886,5.423916349809885
Nutrient,Canola,Canola,3,3.4299999999999997,0.5349629629629629,3.9649629629629626
Nutrient,Canola,Canola,4,4.32,0.7064935064935062,5.026493506493506
Nutrient,Canola,Canola,5,5.34,0.8100591715976324,6.150059171597633
Nutrient,Canola,Canola,6,3.3999999999999995,0.47798742138364714,3.8779874213836467
Nutrient,Canola,Canola,7,4.15,0.535367231638418,4.685367231638418
Nutrient,Canola,Canola,8,4.18,0.6119718309859152,4.791971830985915
Nutrient,Canola,Soybean,1,3.219999999999999,1.1784403669724768,4.398440366972475
Nutrient,Canola,Soybean,2,3.879999999999999,0.9694285714285715,4.849428571428571
Nutrient,Canola,Soybean,3,2.499999999999999,0.841595744680851,3.34159574468085
Nutrient,Canola,Soybean,4,2.969999999999999,0.9230075187969922,3.893007518796991
Nutrient,Canola,Soybean,5,2.619999999999999,0.8209876543209879,3.440987654320987
Nutrient,Canola,Soybean,6,2.0300000000000002,0.7504030710172733,2.7804030710172736
Nutrient,Canola,Soybean,7,3,0.9529708222811663,3.9529708222811664
Nutrient,Canola,Soybean,8,2.74,0.8554354838709677,3.595435483870968
Nutrient,Canola,Maize,1,4.5600000000000005,1.9274034334763952,6.487403433476396
Nutrient,Canola,Maize,2,5.95,3.3192951541850224,9.269295154185023
Nutrient,Canola,Maize,3,4.92,2.4897925311203313,7.409792531120331
Nutrient,Canola,Maize,4,4.949999999999999,2.1336605080831412,7.08366050808314
Nutrient,Canola,Maize,5,4.9399999999999995,1.910189959294437,6.850189959294436
Nutrient,Canola,Maize,6,5.049999999999999,2.2756433184302027,7.325643318430202
Nutrient,Canola,Maize,7,5.03,2.0270070011668615,7.057007001166862
Nutrient,Canola,Maize,8,7.68,2.189134670487105,9.869134670487105
Nutrient,Canola,Wheat,1,4.24,0.8148148148148145,5.054814814814815
Nutrient,Canola,Wheat,2,4.609999999999999,0.880824295010845,5.490824295010844
Nutrient,Canola,Wheat,3,3.3999999999999995,0.6004010025062649,4.000401002506265
Nutrient,Canola,Wheat,4,4.16,0.7473076923076922,4.907307692307692
Nutrient,Canola,Wheat,5,4.41,1.0807754442649435,5.490775444264944
Nutrient,Canola,Wheat,6,3.37,0.7757867132867132,4.1457867132867134
Nutrient,Canola,Wheat,7,4.15,0.7334934497816595,4.88349344978166
Nutrient,Canola,Wheat,8,4.789999999999999,0.8522727272727273,5.642272727272727
Nutrient,Canola,Alfalfa,1,0.6999999999999993,0.2745161290322575,0.9745161290322568
Nutrient,Canola,Alfalfa,2,0.5899999999999999,0.3007594936708852,0.8907594936708851
Nutrient,Canola,Alfalfa,3,0.09999999999999964,0,0.09999999999999964
Nutrient,Canola,Alfalfa,4,0.4299999999999997,0.12085106382978734,0.5508510638297871
Nutrient,Canola,Alfalfa,5,0.23999999999999932,0.10338461538461548,0.3433846153846148
Nutrient,Canola,Alfalfa,6,0.20999999999999996,0.10274193548387008,0.31274193548387
Nutrient,Canola,Alfalfa,7,0.3899999999999997,0.05446808510638182,0.44446808510638147
Nutrient,Canola,Alfalfa,8,0.7699999999999996,0.34553191489361706,1.1155319148936167
Nutrient,Soybean,Canola,1,9.209999999999999,1.152,10.361999999999998
Nutrient,Soybean,Canola,2,7.339999999999999,1.4028185907046469,8.742818590704646
Nutrient,Soybean,Canola,3,7.41,0.9126099706744866,8.322609970674486
Nutrient,Soybean,Canola,4,6.82,0.9278431372549019,7.747843137254902
Nutrient,Soybean,Canola,5,7.15,1.1852398523985237,8.335239852398525
Nutrient,Soybean,Canola,6,7.4799999999999995,1.5511764705882347,9.031176470588234
Nutrient,Soybean,Canola,7,7.459999999999999,1.76440170940171,9.22440170940171
Nutrient,Soybean,Canola,8,9.620000000000001,1.5954716981132064,11.215471698113207
Nutrient,Soybean,Soybean,1,2.1799999999999997,0.7230143540669856,2.9030143540669853
Nutrient,Soybean,Soybean,2,2.3099999999999996,0.9160173160173154,3.226017316017315
Nutrient,Soybean,Soybean,3,3.549999999999999,1.4621559268098643,5.012155926809863
Nutrient,Soybean,Soybean,4,2.5299999999999994,1.0720746432491761,3.6020746432491757
Nutrient,Soybean,Soybean,5,3.3899999999999997,1.09957356076759,4.48957356076759
Nutrient,Soybean,Soybean,6,1.7799999999999994,1.0595021961932651,2.8395021961932647
Nutrient,Soybean,Soybean,7,2.42,0.7340161725067382,3.154016172506738
Nutrient,Soybean,Soybean,8,0.39999999999999947,0.1899999999999995,0.589999999999999
Nutrient,Soybean,Maize,1,10.259999999999998,3.3401432664756436,13.60014326647564
Nutrient,Soybean,Maize,2,10.549999999999997,3.9223925747679607,14.472392574767959
Nutrient,Soybean,Maize,3,9.35,3.858705225106802,13.208705225106801
Nutrient,Soybean,Maize,4,9.09,3.6426955848179703,12.73269558481797
Nutrient,Soybean,Maize,5,8.969999999999999,3.54105112620665,12.511051126206649
Nutrient,Soybean,Maize,6,11.34,3.338209796272215,14.678209796272215
Nutrient,Soybean,Maize,7,9.84,4.029641025641026,13.869641025641027
Nutrient,Soybean,Maize,8,10.489999999999998,3.483042789223455,13.973042789223452
Nutrient,Soybean,Wheat,1,6.049999999999999,0.8563404255319143,6.906340425531913
Nutrient,Soybean,Wheat,2,7.6899999999999995,1.305842349304482,8.995842349304482
Nutrient,Soybean,Wheat,3,7.11,1.5417385444743932,8.651738544474394
Nutrient,Soybean,Wheat,4,6.83,1.0182459677419355,7.848245967741936
Nutrient,Soybean,Wheat,5,6.809999999999999,1.2142806394316163,8.024280639431614
Nutrient,Soybean,Wheat,6,7.009999999999999,1.1535953177257523,8.16359531772575
Nutrient,Soybean,Wheat,7,5.73,0.9349822064056933,6.664982206405694
Nutrient,Soybean,Wheat,8,7.16,1.2042105263157892,8.364210526315789
Nutrient,Soybean,Alfalfa,1,0.5299999999999994,0.12452054794520528,0.6545205479452046
Nutrient,Soybean,Alfalfa,2,0.21999999999999975,0.05508196721311358,0.27508196721311334
Nutrient,Soybean,Alfalfa,3,0.34999999999999964,0.085555555555555,0.43555555555555464
Nutrient,Soybean,Alfalfa,4,0.08999999999999986,0.009999999999999787,0.09999999999999964
Nutrient,Soybean,Alfalfa,5,0.1299999999999999,0.014074074074073774,0.14407407407407366
Nutrient,Soybean,Alfalfa,6,0.019999999999999574,0,0.019999999999999574
Nutrient,Soybean,Alfalfa,7,0.08999999999999986,0,0.08999999999999986
Nutrient,Soybean,Alfalfa,8,0.09999999999999964,0,0.09999999999999964
Nutrient,Maize,Canola,1,5.219999999999999,1.0895480225988703,6.309548022598869
Nutrient,Maize,Canola,2,5.78,1.0815636363636358,6.861563636363636
Nutrient,Maize,Canola,3,4.49,0.562837837837837,5.052837837837838
Nutrient,Maize,Canola,4,5.119999999999999,0.48219178082191716,5.602191780821917
Nutrient,Maize,Canola,5,4.9,0.568275862068965,5.468275862068966
Nutrient,Maize,Canola,6,4.889999999999999,0.8658548009367675,5.755854800936766
Nutrient,Maize,Canola,7,4.8500000000000005,0.4692771084337351,5.319277108433735
Nutrient,Maize,Canola,8,5.02,0.8987919463087244,5.918791946308724
Nutrient,Maize,Soybean,1,1.96,0.9184531886024414,2.8784531886024416
Nutrient,Maize,Soybean,2,2.26,1.4082862190812717,3.6682862190812715
Nutrient,Maize,Soybean,3,2.4300000000000006,1.2699173553719008,3.6999173553719014
Nutrient,Maize,Soybean,4,2.619999999999999,1.754832451499118,4.374832451499117
Nutrient,Maize,Soybean,5,2.219999999999999,1.9312348178137657,4.151234817813765
Nutrient,Maize,Soybean,6,2.5700000000000003,1.9787301587301585,4.548730158730159
Nutrient,Maize,Soybean,7,3.3099999999999996,1.5616015037593978,4.871601503759397
Nutrient,Maize,Soybean,8,2.6999999999999993,1.376805555555555,4.076805555555554
Nutrient,Maize,Maize,1,5.3999999999999995,2.9279262672811055,8.327926267281105
Nutrient,Maize,Maize,2,4.34,2.9398602701443872,7.279860270144387
Nutrient,Maize,Maize,3,4.9,2.3259701492537315,7.225970149253731
Nutrient,Maize,Maize,4,5.6499999999999995,3.9133322683706075,9.563332268370607
Nutrient,Maize,Maize,5,5.31,2.2322855620671285,7.5422855620671285
Nutrient,Maize,Maize,6,5.48,2.772902208201892,8.252902208201892
Nutrient,Maize,Maize,7,6.13,4.39133631713555,10.52133631713555
Nutrient,Maize,Maize,8,4.43,5.261161161161161,9.691161161161162
Nutrient,Maize,Wheat,1,4.24,0.8892110091743113,5.129211009174312
Nutrient,Maize,Wheat,2,4.12,0.7919230769230768,4.911923076923077
Nutrient,Maize,Wheat,3,4.029999999999999,0.9601027397260271,4.9901027397260265
Nutrient,Maize,Wheat,4,3.629999999999999,1.6310104529616714,5.261010452961671
Nutrient,Maize,Wheat,5,5.119999999999999,1.511679389312977,6.631679389312977
Nutrient,Maize,Wheat,6,5.1000000000000005,1.1726141078838175,6.272614107883818
Nutrient,Maize,Wheat,7,3.7799999999999994,1.2395377128953766,5.019537712895376
Nutrient,Maize,Wheat,8,3.5199999999999996,1.0307926829268288,4.550792682926828
Nutrient,Maize,Alfalfa,1,0.4399999999999995,0.11542857142857026,0.5554285714285697
Nutrient,Maize,Alfalfa,2,0.7999999999999998,0.23555555555555577,1.0355555555555556
Nutrient,Maize,Alfalfa,3,1.0199999999999996,0.4183285302593659,1.4383285302593656
Nutrient,Maize,Alfalfa,4,0.7599999999999998,0.23071428571428512,0.9907142857142849
Nutrient,Maize,Alfalfa,5,0.17999999999999972,0.060999999999998694,0.2409999999999984
Nutrient,Maize,Alfalfa,6,0.6099999999999994,0.17343283582089514,0.7834328358208946
Nutrient,Maize,Alfalfa,7,0.08000000000000007,0,0.08000000000000007
Nutrient,Maize,Alfalfa,8,0.5599999999999996,0.3846802325581396,0.9446802325581392
Nutrient,Wheat,Canola,1,3.7699999999999996,0.5451583710407235,4.315158371040723
Nutrient,Wheat,Canola,2,4.529999999999999,0.5853413654618467,5.1153413654618465
Nutrient,Wheat,Canola,3,5.239999999999999,0.6946058091286308,5.93460580912863
Nutrient,Wheat,Canola,4,5.17,0.5686013986013984,5.738601398601398
Nutrient,Wheat,Canola,5,4.76,0.5874683544303795,5.347468354430379
Nutrient,Wheat,Canola,6,6.13,0.7235643564356434,6.853564356435643
Nutrient,Wheat,Canola,7,6.359999999999999,0.7108264462809911,7.07082644628099
Nutrient,Wheat,Canola,8,5.859999999999999,0.9645810055865918,6.824581005586591
Nutrient,Wheat,Soybean,1,2.9399999999999995,1.0826237054085155,4.022623705408515
Nutrient,Wheat,Soybean,2,3.33,1.2933774834437084,4.623377483443709
Nutrient,Wheat,Soybean,3,2.919999999999999,1.2229249011857708,4.14292490118577
Nutrient,Wheat,Soybean,4,3.59,1.598703870387038,5.188703870387037
Nutrient,Wheat,Soybean,5,2.83,1.0546341463414628,3.8846341463414626
Nutrient,Wheat,Soybean,6,4.11,1.2489473684210526,5.3589473684210525
Nutrient,Wheat,Soybean,7,4.6899999999999995,1.3574226804123708,6.04742268041237
Nutrient,Wheat,Soybean,8,2.1899999999999995,0.747978910369068,2.9379789103690674
Nutrient,Wheat,Maize,1,4.64,1.9619212598425195,6.601921259842519
Nutrient,Wheat,Maize,2,4.99,2.4737999999999998,7.4638
Nutrient,Wheat,Maize,3,9.12,3.161935784085622,12.281935784085622
Nutrient,Wheat,Maize,4,6.11,3.2877082395317423,9.397708239531742
Nutrient,Wheat,Maize,5,5.93,2.685370258880192,8.615370258880192
Nutrient,Wheat,Maize,6,6.879999999999999,3.737830637488106,10.617830637488105
Nutrient,Wheat,Maize,7,9.11,3.6569129864451244,12.766912986445124
Nutrient,Wheat,Maize,8,6.4,3.482899513058876,9.882899513058877
Nutrient,Wheat,Wheat,1,5.889999999999999,0.8038834951456308,6.69388349514563
Nutrient,Wheat,Wheat,2,5.6,1.0056049822064053,6.605604982206405
Nutrient,Wheat,Wheat,3,6.11,1.0936274509803918,7.203627450980392
Nutrient,Wheat,Wheat,4,4.68,0.8666666666666659,5.546666666666666
Nutrient,Wheat,Wheat,5,6.11,1.145068493150685,7.255068493150685
Nutrient,Wheat,Wheat,6,5.65,0.6946687697160877,6.344668769716088
Nutrient,Wheat,Wheat,7,6,0.8518251928020563,6.851825192802056
Nutrient,Wheat,Wheat,8,5.36,0.7807282913165265,6.140728291316527
Nutrient,Wheat,Alfalfa,1,0.8299999999999992,0.373706293706293,1.2037062937062921
Nutrient,Wheat,Alfalfa,2,0.8799999999999999,0.35293918918918876,1.2329391891891888
Nutrient,Wheat,Alfalfa,3,0.8899999999999997,0.42720496894409926,1.317204968944099
Nutrient,Wheat,Alfalfa,4,0.1999999999999993,0.11218390804597711,0.3121839080459764
Nutrient,Wheat,Alfalfa,5,0.8999999999999995,0.3858083832335328,1.2858083832335323
Nutrient,Wheat,Alfalfa,6,0.9399999999999995,0.3742574257425734,1.314257425742573
Nutrient,Wheat,Alfalfa,7,0.5499999999999998,0.3824034334763939,0.9324034334763938
Nutrient,Wheat,Alfalfa,8,0.75,0.23920863309352455,0.9892086330935246
Nutrient,Alfalfa,Canola,1,8.05,0.7471200000000002,8.797120000000001
Nutrient,Alfalfa,Canola,2,8.32,1.7561194029850744,10.076119402985075
Nutrient,Alfalfa,Canola,3,8.32,1.4661885245901636,9.786188524590164
Nutrient,Alfalfa,Canola,4,8.73,1.2939162561576354,10.023916256157635
Nutrient,Alfalfa,Canola,5,7.46,1.120287356321839,8.58028735632184
Nutrient,Alfalfa,Canola,6,9.43,1.2173643410852704,10.64736434108527
Nutrient,Alfalfa,Canola,7,9.37,1.4865342163355406,10.85653421633554
Nutrient,Alfalfa,Canola,8,8.09,1.2932084309133485,9.38320843091335
Nutrient,Alfalfa,Soybean,1,4.41,1.2224818401937043,5.632481840193704
Nutrient,Alfalfa,Soybean,2,3.5200000000000005,1.0735374868004224,4.593537486800423
Nutrient,Alfalfa,Soybean,3,3.4800000000000004,0.9226086956521731,4.402608695652173
Nutrient,Alfalfa,Soybean,4,3.5999999999999996,1.0344112149532703,4.6344112149532695
Nutrient,Alfalfa,Soybean,5,2.829999999999999,0.6753521126760559,3.505352112676055
Nutrient,Alfalfa,Soybean,6,3.99,1.1771266968325786,5.167126696832579
Nutrient,Alfalfa,Soybean,7,4.139999999999999,1.2466730401529635,5.386673040152962
Nutrient,Alfalfa,Soybean,8,3.6599999999999993,0.9948822927328551,4.654882292732855
Nutrient,Alfalfa,Maize,1,7.71,2.3520947368421057,10.062094736842106
Nutrient,Alfalfa,Maize,2,10.09,3.763799472295514,13.853799472295513
Nutrient,Alfalfa,Maize,3,9.440000000000001,2.974715909090909,12.41471590909091
Nutrient,Alfalfa,Maize,4,9.419999999999998,3.9808917197452227,13.400891719745221
Nutrient,Alfalfa,Maize,5,10.68,2.6187417218543034,13.298741721854302
Nutrient,Alfalfa,Maize,6,7.1,2.3694915254237285,9.469491525423727
Nutrient,Alfalfa,Maize,7,9.29,2.548042328042327,11.838042328042327
Nutrient,Alfalfa,Maize,8,9.419999999999998,2.4638818778394747,11.883881877839473
Nutrient,Alfalfa,Wheat,1,7.49,1.1164423076923071,8.606442307692307
Nutrient,Alfalfa,Wheat,2,6.96,0.8948571428571421,7.854857142857142
Nutrient,Alfalfa,Wheat,3,6.969999999999999,1.5384753363228694,8.508475336322869
Nutrient,Alfalfa,Wheat,4,8.41,1.0807526881720433,9.490752688172044
Nutrient,Alfalfa,Wheat,5,7.409999999999999,1.0309714285714282,8.440971428571427
Nutrient,Alfalfa,Wheat,6,6.98,1.086242990654205,8.066242990654205
Nutrient,Alfalfa,Wheat,7,7.07,1.1572580645161288,8.227258064516128
Nutrient,Alfalfa,Wheat,8,7.21,1.1178597785977853,8.327859778597785
Nutrient,Alfalfa,Alfalfa,1,0.7599999999999998,0.2490797546012261,1.0090797546012258
Nutrient,Alfalfa,Alfalfa,2,0.4299999999999997,0.09363636363636282,0.5236363636363626
Nutrient,Alfalfa,Alfalfa,3,0.5099999999999998,0.1723076923076919,0.6823076923076917
Nutrient,Alfalfa,Alfalfa,4,0.0699999999999994,0.03857142857142774,0.10857142857142714
Nutrient,Alfalfa,Alfalfa,5,0.3799999999999999,0.13636363636363588,0.5163636363636358
Nutrient,Alfalfa,Alfalfa,6,0.14999999999999947,0.03833333333333252,0.188333333333332
Nutrient,Alfalfa,Alfalfa,7,1.21,0.2637209302325581,1.473720930232558
Nutrient,Alfalfa,Alfalfa,8,0.16999999999999993,0.05371428571428576,0.2237142857142857
Soil biota,Canola,Canola,1,7.89,1.7532444959443805,9.64324449594438
Soil biota,Canola,Canola,2,7.85,1.5333508541392902,9.38335085413929
Soil biota,Canola,Canola,3,7.549999999999999,1.0640829694323146,8.614082969432314
Soil biota,Canola,Canola,4,7.03,1.3284867394695785,8.358486739469578
Soil biota,Canola,Canola,5,7.65,1.1150669642857136,8.765066964285714
Soil biota,Canola,Canola,6,8.07,1.501738122827347,9.571738122827348
Soil biota,Canola,Canola,7,7.31,1.5524215809284823,8.862421580928482
Soil biota,Canola,Canola,8,7.75,1.073248532289628,8.823248532289629
Soil biota,Canola,Soybean,1,4.02,1.167905325443787,5.187905325443786
Soil biota,Canola,Soybean,2,2.5999999999999996,0.7353281249999999,3.3353281249999993
Soil biota,Canola,Soybean,3,1.339999999999999,0.343,1.682999999999999
Soil biota,Canola,Soybean,4,3.8599999999999994,1.2038331454340465,5.063833145434046
Soil biota,Canola,Soybean,5,3.09,0.9332057416267936,4.023205741626794
Soil biota,Canola,Soybean,6,3.45,0.9063055555555556,4.356305555555556
Soil biota,Canola,Soybean,7,2.0199999999999996,0.6482041587901702,2.6682041587901697
Soil biota,Canola,Soybean,8,3.039999999999999,0.8282352941176467,3.868235294117646
Soil biota,Canola,Maize,1,10.8,3.4887307973664967,14.288730797366497
Soil biota,Canola,Maize,2,9.02,3.3531340288924554,12.373134028892455
Soil biota,Canola,Maize,3,1.6100000000000003,0.631801980198019,2.2418019801980194
Soil biota,Canola,Maize,4,9.049999999999999,3.392160133444537,12.442160133444535
Soil biota,Canola,Maize,5,8.969999999999999,3.90161197259286,12.87161197259286
Soil biota,Canola,Maize,6,9.36,4.293644859813084,13.653644859813085
Soil biota,Canola,Maize,7,7.8100000000000005,3.797682926829267,11.607682926829268
Soil biota,Canola,Maize,8,8.44,3.3565539601667433,11.796553960166744
Soil biota,Canola,Wheat,1,5.86,1.2325000000000002,7.0925
Soil biota,Canola,Wheat,2,6.76,1.5147025813692474,8.274702581369247
Soil biota,Canola,Wheat,3,6.699999999999999,0.9457619738751806,7.64576197387518
Soil biota,Canola,Wheat,4,6.9799999999999995,1.2583928571428573,8.238392857142857
Soil biota,Canola,Wheat,5,6.68,1.0175706214689262,7.697570621468926
Soil biota,Canola,Wheat,6,6.949999999999999,0.9815011037527588,7.931501103752758
Soil biota,Canola,Wheat,7,6.4799999999999995,0.95937106918239,7.439371069182389
Soil biota,Canola,Wheat,8,6.890000000000001,0.9108433734939757,7.800843373493977
Soil biota,Canola,Alfalfa,1,0.2999999999999998,0.16335820895522304,0.46335820895522284
Soil biota,Canola,Alfalfa,2,0.46999999999999975,0.25555555555555465,0.7255555555555544
Soil biota,Canola,Alfalfa,3,0.3700000000000001,0.1534426229508198,0.5234426229508199
Soil biota,Canola,Alfalfa,4,0.6099999999999994,0.2732989690721646,0.883298969072164
Soil biota,Canola,Alfalfa,5,0.5199999999999996,0.231931034482758,0.7519310344827576
Soil biota,Canola,Alfalfa,6,0.7000000000000002,0.1591194968553451,0.8591194968553453
Soil biota,Canola,Alfalfa,7,0.17999999999999972,0.06060606060606066,0.24060606060606038
Soil biota,Canola,Alfalfa,8,0.25,0.13846153846153797,0.38846153846153797
Soil biota,Soybean,Canola,1,8.49,1.9501818181818185,10.440181818181818
Soil biota,Soybean,Canola,2,8.139999999999999,1.548191489361702,9.688191489361701
Soil biota,Soybean,Canola,3,7.8500000000000005,1.2129433272394878,9.062943327239488
Soil biota,Soybean,Canola,4,8.54,1.437021276595744,9.977021276595742
Soil biota,Soybean,Canola,5,7.930000000000001,1.1222377622377617,9.052237762237763
Soil biota,Soybean,Canola,6,7.799999999999999,1.1995161290322573,8.999516129032257
Soil biota,Soybean,Canola,7,7.949999999999999,1.4253420195439732,9.375342019543972
Soil biota,Soybean,Canola,8,8.23,0.9541304347826085,9.18413043478261
Soil biota,Soybean,Soybean,1,3.41,1.1070967741935474,4.517096774193547
Soil biota,Soybean,Soybean,2,4.829999999999999,1.4619220308250227,6.291922030825022
Soil biota,Soybean,Soybean,3,3.369999999999999,0.9405607476635509,4.31056074766355
Soil biota,Soybean,Soybean,4,3.75,0.991468531468531,4.741468531468531
Soil biota,Soybean,Soybean,5,3.6399999999999997,1.2482343749999996,4.888234375
Soil biota,Soybean,Soybean,6,4.23,1.295305676855895,5.525305676855895
Soil biota,Soybean,Soybean,7,4.5,1.269607843137254,5.769607843137254
Soil biota,Soybean,Soybean,8,4.06,1.0605676328502418,5.120567632850241
Soil biota,Soybean,Maize,1,8.81,3.5665236051502136,12.376523605150215
Soil biota,Soybean,Maize,2,9.190000000000001,3.7492478860703153,12.939247886070316
Soil biota,Soybean,Maize,3,9.16,3.83315502183406,12.99315502183406
Soil biota,Soybean,Maize,4,8.23,4.963632371392723,13.193632371392724
Soil biota,Soybean,Maize,5,8.15,3.5213795885437675,11.671379588543768
Soil biota,Soybean,Maize,6,9.689999999999998,3.579787660256411,13.269787660256409
Soil biota,Soybean,Maize,7,9.33,3.855361807271443,13.185361807271443
Soil biota,Soybean,Maize,8,9.1,3.1776396960214566,12.277639696021456
Soil biota,Soybean,Wheat,1,5.88,0.6848192771084338,6.564819277108434
Soil biota,Soybean,Wheat,2,7.199999999999999,0.9926470588235288,8.192647058823528
Soil biota,Soybean,Wheat,3,6.7299999999999995,1.213871559633027,7.943871559633027
Soil biota,Soybean,Wheat,4,6.629999999999999,0.76655421686747,7.396554216867469
Soil biota,Soybean,Wheat,5,7.119999999999999,1.0820955315870568,8.202095531587055
Soil biota,Soybean,Wheat,6,5.909999999999999,0.9180861244019132,6.828086124401913
Soil biota,Soybean,Wheat,7,6.4399999999999995,1.0573873873873871,7.497387387387387
Soil biota,Soybean,Wheat,8,6.109999999999999,0.9266565349544067,7.036656534954406
Soil biota,Soybean,Alfalfa,1,0.5899999999999999,0.27743749999999945,0.8674374999999993
Soil biota,Soybean,Alfalfa,2,0.6099999999999994,0.22567164179104443,0.8356716417910439
Soil biota,Soybean,Alfalfa,3,0.9500000000000002,0.24516129032257977,1.19516129032258
Soil biota,Soybean,Alfalfa,4,1.1099999999999994,0.5294117647058815,1.6394117647058808
Soil biota,Soybean,Alfalfa,5,0.8399999999999999,0.17412587412587352,1.0141258741258734
Soil biota,Soybean,Alfalfa,6,1.419999999999999,0.4274999999999993,1.8474999999999984
Soil biota,Soybean,Alfalfa,7,0.7599999999999998,0.1715568862275443,0.9315568862275441
Soil biota,Soybean,Alfalfa,8,0.40999999999999925,0.1621176470588234,0.5721176470588226
Soil biota,Maize,Canola,1,6.57,1.3843883495145635,7.954388349514564
Soil biota,Maize,Canola,2,8.049999999999999,1.4634065934065934,9.513406593406593
Soil biota,Maize,Canola,3,7.96,1.9839999999999989,9.943999999999999
Soil biota,Maize,Canola,4,8.219999999999999,1.0943339960238567,9.314333996023855
Soil biota,Maize,Canola,5,8,1.8399868938401038,9.839986893840104
Soil biota,Maize,Canola,6,7.56,2.168104265402843,9.728104265402843
Soil biota,Maize,Canola,7,7.109999999999999,1.0681818181818175,8.178181818181816
Soil biota,Maize,Canola,8,8.2,1.38194384449244,9.58194384449244
Soil biota,Maize,Soybean,1,3.4799999999999995,1.063749999999999,4.543749999999998
Soil biota,Maize,Soybean,2,2.34,0.5756929637526643,2.9156929637526643
Soil biota,Maize,Soybean,3,4.1899999999999995,1.0216012558869703,5.21160125588697
Soil biota,Maize,Soybean,4,3.5699999999999994,1.0826946107784423,4.6526946107784415
Soil biota,Maize,Soybean,5,1.7799999999999994,0.35363247863247865,2.133632478632478
Soil biota,Maize,Soybean,6,4.02,1.0545652173913043,5.074565217391304
Soil biota,Maize,Soybean,7,4.47,1.3409268292682917,5.810926829268292
Soil biota,Maize,Soybean,8,4.9,1.4258876404494383,6.325887640449439
Soil biota,Maize,Maize,1,9.03,3.8627730294396962,12.892773029439695
Soil biota,Maize,Maize,2,10.2,4.198354946276399,14.398354946276399
Soil biota,Maize,Maize,3,9.28,4.154334790755777,13.434334790755777
Soil biota,Maize,Maize,4,10.120000000000001,2.6726978998384485,12.79269789983845
Soil biota,Maize,Maize,5,9.32,3.928897149938041,13.248897149938042
Soil biota,Maize,Maize,6,9.379999999999999,3.4374439802506638,12.817443980250662
Soil biota,Maize,Maize,7,8.9,3.976563114431773,12.876563114431773
Soil biota,Maize,Maize,8,8.89,3.467744154057771,12.357744154057771
Soil biota,Maize,Wheat,1,6.45,1.0923076923076924,7.542307692307693
Soil biota,Maize,Wheat,2,6.76,1.1664803312629393,7.926480331262939
Soil biota,Maize,Wheat,3,6.98,1.0218218623481776,8.001821862348178
Soil biota,Maize,Wheat,4,7.079999999999999,1.141932773109243,8.221932773109241
Soil biota,Maize,Wheat,5,6.859999999999999,1.1566182298546892,8.01661822985469
Soil biota,Maize,Wheat,6,6.489999999999999,1.082388059701492,7.572388059701492
Soil biota,Maize,Wheat,7,6.85,0.9878709677419346,7.837870967741934
Soil biota,Maize,Wheat,8,6.18,1.021808873720136,7.201808873720136
Soil biota,Maize,Alfalfa,1,0.3299999999999992,0.15272727272727288,0.48272727272727206
Soil biota,Maize,Alfalfa,2,1.1099999999999994,0.2664622641509433,1.3764622641509427
Soil biota,Maize,Alfalfa,3,0.5699999999999994,0.1044705882352942,0.6744705882352936
Soil biota,Maize,Alfalfa,4,1.7799999999999994,0.8829385964912274,2.6629385964912267
Soil biota,Maize,Alfalfa,5,0.8399999999999999,0.19582089552238824,1.035820895522388
Soil biota,Maize,Alfalfa,6,1.0599999999999996,0.3774509803921559,1.4374509803921556
Soil biota,Maize,Alfalfa,7,0.5,0.14444444444444393,0.6444444444444439
Soil biota,Maize,Alfalfa,8,0.46999999999999975,0.1717431192660549,0.6417431192660547
Soil biota,Wheat,Canola,1,8.399999999999999,1.2874895397489539,9.687489539748952
Soil biota,Wheat,Canola,2,8.219999999999999,1.3292229729729728,9.549222972972972
Soil biota,Wheat,Canola,3,7.49,1.1205633802816897,8.61056338028169
Soil biota,Wheat,Canola,4,7.409999999999999,1.22067415730337,8.63067415730337
Soil biota,Wheat,Canola,5,7.6499999999999995,1.170528846153846,8.820528846153845
Soil biota,Wheat,Canola,6,8.29,1.5302192448233862,9.820219244823384
Soil biota,Wheat,Canola,7,9.55,1.4217341040462421,10.971734104046243
Soil biota,Wheat,Canola,8,7.2,1.4035682158920537,8.603568215892054
Soil biota,Wheat,Soybean,1,2.8899999999999997,0.7800244498777498,3.6700244498777495
Soil biota,Wheat,Soybean,2,3.41,0.8496523178807942,4.259652317880795
Soil biota,Wheat,Soybean,3,3.629999999999999,1.0581604696673188,4.688160469667318
Soil biota,Wheat,Soybean,4,2.6499999999999995,0.7399702380952378,3.3899702380952372
Soil biota,Wheat,Soybean,5,3.799999999999999,1.1199720670391053,4.9199720670391045
Soil biota,Wheat,Soybean,6,3.959999999999999,1.200838926174496,5.160838926174495
Soil biota,Wheat,Soybean,7,3.3499999999999996,0.9562382445141059,4.306238244514105
Soil biota,Wheat,Soybean,8,3.4699999999999998,1.1177941176470583,4.587794117647058
Soil biota,Wheat,Maize,1,8.54,3.2778489116517275,11.817848911651726
Soil biota,Wheat,Maize,2,9.02,3.636948561464691,12.656948561464691
Soil biota,Wheat,Maize,3,8.16,4.189601518026564,12.349601518026564
Soil biota,Wheat,Maize,4,7.1,2.909849582172702,10.009849582172702
Soil biota,Wheat,Maize,5,7.61,3.8706958762886594,11.48069587628866
Soil biota,Wheat,Maize,6,8.62,2.45814332247557,11.078143322475569
Soil biota,Wheat,Maize,8,7.14,2.868076109936574,10.008076109936574
Soil biota,Wheat,Wheat,1,6,1.2171968503937005,7.217196850393701
Soil biota,Wheat,Wheat,2,5.6000000000000005,0.8973305084745755,6.497330508474576
Soil biota,Wheat,Wheat,3,6.6,1.0084615384615383,7.608461538461538
Soil biota,Wheat,Wheat,4,6.91,0.9070103092783506,7.81701030927835
Soil biota,Wheat,Wheat,5,7.529999999999999,1.3713354037267076,8.901335403726707
Soil biota,Wheat,Wheat,6,7.2299999999999995,1.1563789868667915,8.386378986866792
Soil biota,Wheat,Wheat,7,6.049999999999999,0.7953365384615384,6.845336538461537
Soil biota,Wheat,Wheat,8,7.18,1.109936575052854,8.289936575052854
Soil biota,Wheat,Alfalfa,1,0.6399999999999997,0.2264835164835161,0.8664835164835158
Soil biota,Wheat,Alfalfa,2,1.1499999999999995,0.4732860520094557,1.6232860520094552
Soil biota,Wheat,Alfalfa,3,1.6199999999999992,0.5059999999999995,2.1259999999999986
Soil biota,Wheat,Alfalfa,4,0.9399999999999995,0.2978723404255319,1.2378723404255314
Soil biota,Wheat,Alfalfa,5,0.5299999999999994,0.19270072992700749,0.7227007299270068
Soil biota,Wheat,Alfalfa,6,0.8199999999999994,0.28545454545454524,1.1054545454545446
Soil biota,Wheat,Alfalfa,7,1.259999999999999,0.44769647696476905,1.707696476964768
Soil biota,Wheat,Alfalfa,8,1.2399999999999993,0.48521857923497236,1.7252185792349717
Soil biota,Alfalfa,Canola,1,7.459999999999999,1.196538461538461,8.65653846153846
Soil biota,Alfalfa,Canola,2,7.199999999999999,1.3322872340425531,8.532287234042553
Soil biota,Alfalfa,Canola,3,7.1499999999999995,0.9145370370370371,8.064537037037036
Soil biota,Alfalfa,Canola,4,8.549999999999999,1.164300441826215,9.714300441826214
Soil biota,Alfalfa,Canola,5,8.09,1.1432876712328761,9.233287671232876
Soil biota,Alfalfa,Canola,6,8.5,1.1661744022503508,9.66617440225035
Soil biota,Alfalfa,Canola,7,8.049999999999999,1.1369294605809128,9.186929460580911
Soil biota,Alfalfa,Canola,8,7.829999999999999,1.331738317757009,9.161738317757008
Soil biota,Alfalfa,Soybean,1,1.6400000000000006,0.3982439024390241,2.0382439024390244
Soil biota,Alfalfa,Soybean,2,2.839999999999999,1.1002336448598125,3.9402336448598114
Soil biota,Alfalfa,Soybean,3,2.299999999999999,0.6774112734864294,2.977411273486428
Soil biota,Alfalfa,Soybean,4,3.42,0.9702295081967209,4.390229508196721
Soil biota,Alfalfa,Soybean,5,3.88,1.3382305005820716,5.218230500582072
Soil biota,Alfalfa,Soybean,6,3.639999999999999,1.1224285714285709,4.76242857142857
Soil biota,Alfalfa,Soybean,7,2.5199999999999996,0.7158932714617168,3.235893271461716
Soil biota,Alfalfa,Soybean,8,3.329999999999999,0.7948809523809521,4.124880952380951
Soil biota,Alfalfa,Maize,1,9.43,3.965617860851505,13.395617860851505
Soil biota,Alfalfa,Maize,2,7.53,3.2763533997401466,10.806353399740146
Soil biota,Alfalfa,Maize,3,7.66,3.61682207747686,11.27682207747686
Soil biota,Alfalfa,Maize,4,7.559999999999999,3.2892088197146556,10.849208819714654
Soil biota,Alfalfa,Maize,5,7.430000000000001,4.409202657807309,11.83920265780731
Soil biota,Alfalfa,Maize,6,9.68,5.1630246749801,14.8430246749801
Soil biota,Alfalfa,Maize,7,9.559999999999999,3.960495988329687,13.520495988329685
Soil biota,Alfalfa,Maize,8,8.629999999999999,3.3371586008624825,11.967158600862481
Soil biota,Alfalfa,Wheat,1,7.989999999999999,0.9636174242424242,8.953617424242424
Soil biota,Alfalfa,Wheat,2,7.369999999999999,1.0556396396396395,8.42563963963964
Soil biota,Alfalfa,Wheat,3,7.209999999999999,1.0899116997792493,8.299911699779248
Soil biota,Alfalfa,Wheat,4,7.2700000000000005,1.2874717832957108,8.55747178329571
Soil biota,Alfalfa,Wheat,5,6.559999999999999,1.3935411471321684,7.953541147132167
Soil biota,Alfalfa,Wheat,6,6.969999999999999,1.0555131578947365,8.025513157894736
Soil biota,Alfalfa,Wheat,7,6.489999999999999,1.142072538860103,7.632072538860102
Soil biota,Alfalfa,Wheat,8,7.42,1.2143847487001729,8.634384748700173
Soil biota,Alfalfa,Alfalfa,1,0.34999999999999964,0.10240000000000009,0.45239999999999975
Soil biota,Alfalfa,Alfalfa,2,0.2599999999999998,0.11519999999999982,0.3751999999999996
Soil biota,Alfalfa,Alfalfa,3,0.13999999999999968,0.06363636363636341,0.2036363636363631
Soil biota,Alfalfa,Alfalfa,4,0.8700000000000001,0.3152216748768468,1.185221674876847
Soil biota,Alfalfa,Alfalfa,5,1.4300000000000006,0.510622009569378,1.9406220095693785
Soil biota,Alfalfa,Alfalfa,6,1.799999999999999,1.2071794871794865,3.0071794871794855
Soil biota,Alfalfa,Alfalfa,7,1.0899999999999999,0.4010526315789464,1.4910526315789463
Soil biota,Alfalfa,Alfalfa,8,0.8099999999999996,0.5398648648648646,1.3498648648648643
